<?xml version="1.0" encoding="UTF-8" standalone="yes"?>
<addon id="plugin.video.shifttv"
       name="ShiftTV"
       version="0.1.0"
       provider-name="Harry">
  <requires>
    <import addon="xbmc.python" version="2.14.0"/>
  </requires>
  <extension point="xbmc.python.pluginsource"
            library="default.py">
        <provides>video</provides>
  </extension>
  <extension point="xbmc.addon.metadata">
    <summary lang="en">Shift.TV</summary>
    <description lang="en">shift.tv addon</description>
    <platform>all</platform>
    <language>en</language>
    <source></source>
    <license>Public Domain</license>
  </extension>
</addon>
