﻿<?xml version="1.0" encoding="UTF-8" standalone="yes"?>
<addon id="repository.abaphacker.gotham"
		name="abaphacker Add-ons (Gotham)"
		version="1.0.14"
		provider-name="Jugger">
  <requires>
    <import addon="xbmc.addon" version="12.0.0"/>
  </requires>
	<extension point="xbmc.addon.repository"
		name="abaphacker Add-ons (Gotham)">
			<info compressed="true">https://raw.githubusercontent.com/abaphacker/kodiAddons/master/addons.xml</info>
			<checksum>https://raw.githubusercontent.com/abaphacker/kodiAddons/master/addons.xml.md5</checksum>
			<datadir zip="true">https://raw.githubusercontent.com/abaphacker/kodiAddons/master/</datadir>
	</extension>
	<extension point="xbmc.addon.metadata">
		<summary>Install add-ons from abaphacker</summary>
		<summary lang="de">Installiere Add-ons von abaphacker</summary>
		<description>download and install add-ons from repository-abaphacker addon-repository.</description>
		<description lang="de">Downloade und installiere Add-ons vom repository-abaphacker Add-on-Repository.</description>		<platform>all</platform>
	</extension>
</addon>

